timestamp,temperature,humidity,sound_volume,anomaly,anomaly_score
1751214398.1126776,80.99,75.9,78.31,1,0.05638702000478135
1751214399.1126776,47.88,68.53,113.32,1,0.07581549569705937
1751214400.1126776,33.22,50.69,102.24,1,0.0835543583357149
1751214401.1126776,60.68,55.82,116.15,1,0.08877814168665416
1751214402.1126776,56.8,32.56,107.61,1,0.0680152749315095
1751214403.1126776,85.23,29.36,64.58,1,0.028543866961111664
1751214404.1126776,19.98,26.53,107.93,1,0.0011668952513487207
1751214405.1126776,72.34,69.64,89.06,1,0.07756886993020073
1751214406.1126776,28.04,42.58,42.67,1,0.06461711202603349
1751214407.1126776,70.24,76.56,107.68,1,0.05393256285440651
1751214408.1126776,41.97,44.33,103.71,1,0.08934037133039308
1751214409.1126776,80.99,71.67,88.9,1,0.050764046472907
1751214410.1126776,66.28,63.42,35.22,1,0.034058059016394804
1751214411.1126776,69.58,51.61,63.16,1,0.08952285339630506
1751214412.1126776,83.96,38.16,55.93,1,0.045032711228723876
1751214413.1126776,84.69,30.36,70.12,1,0.034064620628462716
1751214414.1126776,45.72,53.99,44.64,1,0.09411200150012838
1751214415.1126776,54.59,47.56,96.26,1,0.09699825139983392
1751214416.1126776,32.43,75.5,51.05,1,0.07591925125715193
1751214417.1126776,33.53,65.1,52.98,1,0.10402159923173682
1751214418.1126776,87.55,73.94,107.82,1,0.018515524897459668
1751214419.1126776,56.88,30.28,114.86,1,0.05155913781049504
1751214420.1126776,36.14,41.73,59.55,1,0.10063361766374107
1751214421.1126776,51.1,72.72,44.25,1,0.07017196492908451
1751214422.1126776,43.03,66.39,95.81,1,0.09944440693197365
1751214423.1126776,58.57,75.96,95.58,1,0.06875754421196378
1751214424.1126776,31.06,39.3,86.29,1,0.0795175160887252
1751214425.1126776,73.77,36.42,58.73,1,0.0728007288763749
1751214426.1126776,30.2,34.14,110.5,1,0.046843258294560486
1751214427.1126776,46.71,33.68,55.68,1,0.07879349179116424
1751214428.1126776,50.53,70.69,74.61,1,0.09228316739680137
1751214429.1126776,31.2,32.58,124.71,1,0.0191444208490561
1751214430.1126776,30.6,59.26,123.38,1,0.05342530157249725
1751214431.1126776,31.79,72.79,75.59,1,0.08222642572478095
1751214432.1126776,84.76,26.49,100.0,1,0.004741408443020734
1751214433.1126776,76.37,33.56,57.26,1,0.06453799522531822
1751214434.1126776,73.07,34.69,48.6,1,0.06229592789985772
1751214435.1126776,55.24,52.19,76.38,1,0.1083855223459314
1751214436.1126776,33.97,39.64,58.68,1,0.0955317845307393
1751214437.1126776,86.42,70.44,72.02,1,0.04898463312368728
1751214438.1126776,44.65,51.7,64.5,1,0.10216632290707833
1751214439.1126776,74.53,30.85,61.02,1,0.05847311675003808
1751214440.1126776,82.93,27.97,107.47,1,0.02711071843165791
1751214441.1126776,70.79,33.52,112.09,1,0.06589317570974018
1751214442.1126776,28.23,67.22,129.75,-1,-0.0019246972141178098
1751214443.1126776,45.94,62.74,33.09,1,0.03894524531229859
1751214444.1126776,31.3,73.98,37.1,1,0.04474902096322653
1751214445.1126776,61.58,62.51,119.82,1,0.07616320871254317
1751214446.1126776,44.56,33.88,113.06,1,0.061215560640612954
1751214447.1126776,73.36,49.47,33.47,1,0.024148469614838852
1751214448.1126776,32.11,31.47,57.94,1,0.06292455694542554
1751214449.1126776,77.78,42.66,115.52,1,0.059087550611453876
1751214450.1126776,19.86,41.63,87.13,1,0.052078640628178574
1751214451.1126776,53.59,74.72,75.99,1,0.08634311360622005
1751214452.1126776,68.26,68.46,125.26,1,0.049022816504692424
1751214453.1126776,43.72,44.85,67.6,1,0.09881347604788371
1751214454.1126776,42.98,72.21,115.96,1,0.06412467828117796
1751214455.1126776,60.6,57.52,44.12,1,0.07588192071603522
1751214456.1126776,26.83,73.49,70.14,1,0.07003681380247095
1751214457.1126776,76.03,28.0,76.26,1,0.05429161239857416
1751214458.1126776,49.39,77.07,75.77,1,0.08413560841375611
1751214459.1126776,41.65,51.33,45.21,1,0.0919075214199278
1751214460.1126776,69.46,56.43,121.68,1,0.06754857826206795
1751214461.1126776,58.24,78.62,68.32,1,0.06109261175566072
1751214462.1126776,45.68,73.87,36.93,1,0.04924712668980058
1751214463.1126776,15.45,33.93,50.83,1,0.017402063319443606
1751214464.1126776,79.51,77.23,115.32,1,0.010303133565318201
1751214465.1126776,37.1,31.09,72.01,1,0.0683065808797999
1751214466.1126776,20.13,46.73,45.77,1,0.06664980805108844
1751214467.1126776,41.87,40.99,62.03,1,0.10573749667811111
1751214468.1126776,87.58,73.7,99.07,1,0.020241091793846144
1751214469.1126776,37.05,25.13,109.56,1,0.0019327135665344608
1751214470.1126776,26.88,49.4,88.61,1,0.07612428074700595
1751214471.1126776,41.62,49.6,66.09,1,0.10964246468993444
1751214472.1126776,56.71,41.93,114.56,1,0.08028502144585226
1751214473.1126776,79.38,32.46,90.06,1,0.0497522378509363
1751214474.1126776,75.24,67.72,97.83,1,0.0779888239951228
1751214475.1126776,62.52,32.87,45.1,1,0.05725130782325982
1751214476.1126776,74.53,59.77,125.23,1,0.051555533456226654
1751214477.1126776,30.86,55.47,68.46,1,0.09278762891858744
1751214478.1126776,65.9,29.1,71.07,1,0.0689144765953007
1751214479.1126776,70.74,32.95,59.54,1,0.07480731656875383
1751214480.1126776,61.4,27.32,117.85,1,0.045258944310536675
1751214481.1126776,43.29,27.59,52.15,1,0.05375721944074985
1751214482.1126776,51.39,31.73,43.4,1,0.043645142499621925
1751214483.1126776,63.6,36.43,32.03,1,0.0012109453105891843
1751214484.1126776,39.79,30.14,117.06,1,0.04028170471398118
1751214485.1126776,44.17,61.57,89.5,1,0.0999651262793449
1751214486.1126776,18.57,69.09,71.88,1,0.04636685441289268
1751214487.1126776,50.83,78.4,71.71,1,0.06219027266069466
1751214488.1126776,66.16,48.0,69.1,1,0.11159152271694667
1751214489.1126776,21.77,55.18,60.79,1,0.0708898533498391
1751214490.1126776,38.72,26.43,34.09,-1,-0.007096599430908013
1751214491.1126776,66.48,29.68,56.44,1,0.06727904855341438
1751214492.1126776,34.98,63.73,55.73,1,0.10004283472450809
1751214493.1126776,75.39,67.6,82.74,1,0.07907245329727985
1751214494.1126776,71.34,50.9,54.71,1,0.08620557532227685
1751214495.1126776,50.18,45.3,115.62,1,0.08033521683496492
1751214496.1126776,23.14,73.83,39.73,1,0.03594248206111994
1751214497.1126776,28.99,60.11,68.48,1,0.09495739752301346
1751214498.1126776,23.92,28.2,81.07,1,0.04349954919842758
1751214499.1126776,52.93,25.4,37.76,-1,-0.025371512017772768
1751214500.1126776,48.48,58.96,115.34,1,0.09035042516675651
1751214501.1126776,58.31,74.37,98.05,1,0.07421982686068246
1751214502.1126776,25.84,31.55,94.88,1,0.0453739088570565
1751214503.1126776,38.72,73.43,119.91,1,0.053120238730984815
1751214504.1126776,20.46,33.98,124.54,1,0.0017813768192646018
1751214505.1126776,19.78,38.4,33.33,1,0.014452646460149432
1751214506.1126776,80.92,50.6,116.89,1,0.05679473273766955
1751214507.1126776,20.67,60.26,36.74,1,0.037323102684330145
1751214508.1126776,25.41,42.45,114.94,1,0.04995573267923381
1751214509.1126776,52.31,43.82,108.99,1,0.0958830584844374
1751214510.1126776,51.71,53.97,129.46,1,0.03646961505378021
1751214511.1126776,62.7,25.61,66.2,1,0.03373271794168997
1751214512.1126776,44.83,33.72,127.41,1,0.02867864802364284
1751214513.1126776,73.16,45.38,99.49,1,0.09209010113407995
1751214514.1126776,63.61,26.78,80.33,1,0.05370568853707203
1751214515.1126776,42.27,72.93,85.45,1,0.08884224180591915
1751214516.1126776,50.47,72.25,56.26,1,0.08029933301664527
1751214517.1126776,19.52,63.62,80.88,1,0.05735939787403588
1751214518.1126776,43.24,37.6,79.56,1,0.09366728441563393
1751214519.1126776,60.31,47.38,44.68,1,0.07653198433200481
1751214520.1126776,63.89,47.87,53.56,1,0.09203691287668586
1751214521.1126776,47.67,35.28,40.07,1,0.05018679628172584
1751214522.1126776,85.92,29.79,45.73,-1,-0.0013681052248161185
1751214523.1126776,52.17,74.4,124.66,1,0.03440468967552901
1751214524.1126776,25.39,59.17,30.76,1,0.01613731220452619
1751214525.1126776,53.61,53.96,66.21,1,0.10966143256842026
1751214526.1126776,74.28,71.18,71.24,1,0.0748519414863581
1751214527.1126776,54.95,67.88,100.8,1,0.09868386030633342
1751214528.1126776,15.76,46.0,125.08,-1,-0.009920229291210725
1751214529.1126776,69.66,47.67,30.28,1,0.014396213690235138
1751214530.1126776,22.01,35.77,107.31,1,0.04726225396986017
1751214531.1126776,63.37,59.76,103.97,1,0.10256106222616207
1751214532.1126776,47.17,58.54,73.75,1,0.10206211546773375
1751214533.1126776,63.51,27.1,61.78,1,0.058588357067126284
1751214534.1126776,71.74,58.89,125.36,1,0.049883897367829055
1751214535.1126776,63.74,45.99,67.19,1,0.09775702802726638
1751214536.1126776,25.76,29.87,78.02,1,0.05417507449710701
1751214537.1126776,32.31,28.76,54.16,1,0.05916716187961035
1751214538.1126776,53.4,49.18,107.57,1,0.09927724540553684
1751214539.1126776,80.19,58.15,92.31,1,0.07354981476666977
1751214540.1126776,71.85,64.88,126.03,1,0.030939285064813027
1751214541.1126776,39.16,76.49,84.07,1,0.07115807159804866
1751214542.1126776,61.8,45.98,57.24,1,0.09948930773941289
1751214543.1126776,18.33,76.17,53.04,1,0.012278003168425866
1751214544.1126776,24.94,50.07,120.12,1,0.04928384490575477
1751214545.1126776,16.88,36.92,33.21,-1,-0.014817001530248008
1751214546.1126776,25.42,26.46,48.04,1,0.016286926943153146
1751214547.1126776,53.04,72.96,83.2,1,0.09230680570489436
1751214548.1126776,32.31,54.12,99.86,1,0.09438782553011194
1751214549.1126776,78.5,50.9,77.09,1,0.08303255942640636
1751214550.1126776,85.29,46.28,110.36,1,0.04452698907096142
1751214551.1126776,41.23,68.28,30.89,1,0.023569764944948224
1751214552.1126776,25.77,33.95,43.1,1,0.04574709772966723
1751214553.1126776,18.72,41.96,38.56,1,0.038828545534542624
1751214554.1126776,44.84,40.17,38.03,1,0.05644083561677826
1751214555.1126776,58.06,51.32,89.57,1,0.106479096851198
1751214556.1126776,17.17,63.98,50.65,1,0.034052570148278116
1751214557.1126776,84.41,61.72,94.5,1,0.06666412102932118
1751214558.1126776,47.25,42.61,66.69,1,0.09840217183243694
1751214559.1126776,70.78,72.52,71.72,1,0.08336153988068806
1751214560.1126776,66.19,64.36,116.74,1,0.08393601637367754
1751214561.1126776,64.19,59.53,106.44,1,0.1018267218619775
1751214562.1126776,53.18,53.88,121.42,1,0.08079580920840662
1751214563.1126776,15.74,48.36,125.56,-1,-0.00484399619758058
1751214564.1126776,18.03,28.28,72.87,1,0.043200473908799664
1751214565.1126776,20.71,69.43,42.6,1,0.051737503559723064
1751214566.1126776,42.2,65.02,94.91,1,0.09757951356873734
1751214567.1126776,41.37,28.87,122.29,1,0.040085359275519594
1751214568.1126776,62.31,28.87,48.77,1,0.05538476970603856
1751214569.1126776,30.52,67.41,66.73,1,0.08980719328253683
1751214570.1126776,82.98,28.1,114.73,1,0.019717567006492964
1751214571.1126776,41.92,74.17,84.11,1,0.0830699134615262
1751214572.1126776,42.79,50.39,39.85,1,0.08801183530036621
1751214573.1126776,43.49,27.58,84.78,1,0.06391691985912085
1751214574.1126776,88.15,62.68,92.27,1,0.03986769951243596
1751214575.1126776,71.31,70.56,113.55,1,0.06289206891561483
1751214576.1126776,29.35,64.1,62.6,1,0.09234559582060348
1751214577.1126776,38.57,51.09,48.35,1,0.09588666801968487
1751214578.1126776,66.9,69.6,67.08,1,0.09805962040632171
1751214579.1126776,28.2,53.09,33.03,1,0.035628917595580845
1751214580.1126776,80.59,56.45,117.27,1,0.05687012944631131
1751214581.1126776,22.94,31.79,113.02,1,0.041491260059373536
1751214582.1126776,81.19,61.69,99.32,1,0.07893675305200604
1751214583.1126776,46.1,33.51,128.87,1,0.018617498787933062
1751214584.1126776,86.92,76.38,127.96,-1,-0.029009107501529297
1751214585.1126776,72.68,29.66,110.83,1,0.042710005751259605
1751214586.1126776,86.97,70.83,84.15,1,0.03774385970901495
1751214587.1126776,51.67,58.33,118.01,1,0.08886481131076068
1751214588.1126776,62.94,45.49,125.89,1,0.055408023019995034
1751214589.1126776,22.6,48.91,69.33,1,0.0844819120052544
1751214590.1126776,27.22,70.83,125.36,1,0.020737385198124847
1751214591.1126776,89.11,66.32,39.69,-1,-0.005397265437839471
1751214592.1126776,69.33,78.34,90.08,1,0.04635542130800341
1751214593.1126776,22.37,60.83,35.19,1,0.0404853770603546
1751214594.1126776,66.32,59.57,35.42,1,0.040366577349310706
1751214595.1126776,80.2,46.59,82.35,1,0.0840926631643123
1751214596.1126776,21.27,45.31,46.38,1,0.0697764787676931
1751214597.1126776,81.85,27.68,101.12,1,0.034984123999486916
1751214598.1126776,28.17,60.63,106.8,1,0.07942681161603049
1751214599.1126776,64.64,65.79,58.04,1,0.09668183846955847
1751214600.1126776,85.62,70.71,36.66,-1,-0.007267576754479088
1751214601.1126776,18.81,61.35,101.61,1,0.0513895873155471
1751214602.1126776,64.0,52.58,105.0,1,0.1027154304141627
1751214603.1126776,26.59,25.83,36.56,-1,-0.01594568152902598
1751214604.1126776,73.69,25.24,129.56,-1,-0.05451003096853346
1751214605.1126776,68.94,30.57,72.72,1,0.07710020036676818
1751214606.1126776,70.34,38.65,40.92,1,0.05467360739773974
1751214607.1126776,59.02,73.4,118.79,1,0.055583679533540375
1751214608.1126776,79.94,78.35,45.57,1,0.011050912740994567
1751214609.1126776,57.98,58.44,107.99,1,0.0946859463410199
1751214610.1126776,28.32,67.28,39.1,1,0.05565349924725449
1751214611.1126776,86.92,50.89,49.82,1,0.026077564809025566
1751214612.1126776,18.0,63.45,86.5,1,0.051143574315078544
1751214613.1126776,75.35,62.14,77.25,1,0.09029069368753834
1751214614.1126776,16.55,28.2,87.88,1,0.011672665628208456
1751214615.1126776,25.7,48.58,40.97,1,0.07990736750914479
1751214616.1126776,40.59,27.89,76.75,1,0.0698443285448399
1751214617.1126776,67.18,57.88,43.83,1,0.0700722571258322
1751214618.1126776,75.65,48.48,42.45,1,0.0628352632151884
1751214619.1126776,78.69,64.16,58.33,1,0.0713061883748688
1751214620.1126776,65.99,74.84,33.64,1,0.003052632322350868
1751214621.1126776,76.81,77.07,112.72,1,0.02317377602483972
1751214622.1126776,23.19,39.83,42.13,1,0.06846318562536646
1751214623.1126776,83.63,48.96,83.83,1,0.07732684554704705
1751214624.1126776,31.71,56.91,52.43,1,0.10560613567391175
1751214625.1126776,71.7,47.58,31.47,1,0.013379697216413411
1751214626.1126776,28.18,56.72,66.77,1,0.10432865137881009
1751214627.1126776,60.47,75.13,102.05,1,0.058044566581890056
1751214628.1126776,26.38,66.06,40.89,1,0.06323529405021366
1751214629.1126776,55.4,77.36,83.01,1,0.06943345383978983
1751214630.1126776,59.39,36.95,90.32,1,0.08606675533103414
1751214631.1126776,33.63,54.39,81.88,1,0.09661249768147018
1751214632.1126776,20.39,51.62,128.01,1,0.006638484239864351
1751214633.1126776,64.46,72.46,112.51,1,0.06635910908717757
1751214634.1126776,20.24,31.54,108.85,1,0.0370829993650853
1751214635.1126776,49.42,44.96,74.61,1,0.0939367617591973
1751214636.1126776,65.04,68.79,35.73,1,0.03666577887460487
1751214637.1126776,66.8,43.76,121.1,1,0.07142744061990225
1751214638.1126776,47.14,64.24,39.18,1,0.07681433865979032
1751214639.1126776,82.29,64.15,123.27,1,0.020198079795441748
1751214640.1126776,24.69,47.12,118.21,1,0.055825239578313535
1751214641.1126776,86.79,38.98,120.09,1,0.020365305154914304
1751214642.1126776,18.39,26.73,78.35,1,0.011801767120061424
1751214643.1126776,35.88,44.86,101.27,1,0.09595301068863504
1751214644.1126776,66.15,63.49,124.19,1,0.05945873218374542
1751214645.1126776,26.14,73.7,118.69,1,0.025001261243571937
1751214646.1126776,67.4,55.6,89.92,1,0.08929758311288027
1751214647.1126776,67.5,49.13,103.89,1,0.10442727496977194
1751214648.1126776,76.39,36.91,60.05,1,0.0682482663757763
1751214649.1126776,17.92,27.41,37.73,-1,-0.008447180843001778
1751214650.1126776,28.23,29.25,117.2,1,0.02985031661408255
1751214651.1126776,24.98,57.18,34.87,1,0.04019461454133588
1751214652.1126776,89.23,47.97,47.68,-1,-0.0036588632683156597
1751214653.1126776,28.83,69.21,108.29,1,0.06741339129772128
1751214654.1126776,29.08,32.7,68.83,1,0.06996464018380077
1751214655.1126776,36.27,45.31,53.96,1,0.09835328643402297
1751214656.1126776,63.08,65.1,66.57,1,0.1038524131225887
1751214657.1126776,38.17,57.24,57.87,1,0.10738203594520623
1751214658.1126776,70.31,29.81,80.52,1,0.07710304400822382
1751214659.1126776,88.42,49.87,83.59,1,0.033333577552482785
1751214660.1126776,18.92,59.68,42.97,1,0.0539552735958978
1751214661.1126776,72.51,44.46,46.8,1,0.06485501197204024
1751214662.1126776,62.08,37.1,68.38,1,0.0901237343328028
1751214663.1126776,39.02,54.6,67.26,1,0.10730631709927613
1751214664.1126776,49.7,72.31,120.55,1,0.0681574790486903
1751214665.1126776,89.86,29.82,120.63,-1,-0.026291459016662855
1751214666.1126776,32.76,27.17,48.0,1,0.03313825112836499
1751214667.1126776,76.22,67.65,65.56,1,0.0840611726868335
1751214668.1126776,67.42,76.51,34.5,1,0.0026117776255942804
1751214669.1126776,48.31,57.61,61.57,1,0.1101347988989888
1751214670.1126776,64.96,72.23,123.22,1,0.048729225316722524
1751214671.1126776,25.77,37.87,71.55,1,0.0714182259434778
1751214672.1126776,85.43,64.93,116.46,1,0.02947565520560458
1751214673.1126776,23.52,52.28,65.08,1,0.07948641784970278
1751214674.1126776,33.91,76.5,30.27,-1,-0.003015661069451281
1751214675.1126776,51.24,36.07,111.58,1,0.06882804473415005
1751214676.1126776,39.78,27.45,41.02,1,0.024130498246688004
1751214677.1126776,21.11,65.38,30.51,1,0.0012022845124644022
1751214678.1126776,59.14,49.85,76.49,1,0.11364502876102955
1751214679.1126776,72.23,29.95,46.53,1,0.04245040573482972
1751214680.1126776,53.99,62.74,108.4,1,0.0991686582779634
1751214681.1126776,69.84,46.2,124.51,1,0.059844245391201256
1751214682.1126776,63.41,45.09,87.66,1,0.11226713126781435
1751214683.1126776,59.19,46.88,43.11,1,0.06953274123535835
1751214684.1126776,42.38,79.38,100.33,1,0.04656839265032675
1751214685.1126776,19.82,49.91,59.71,1,0.07128173156522355
1751214686.1126776,37.04,51.7,53.14,1,0.10691022573881859
1751214687.1126776,68.57,72.47,78.96,1,0.08505886013221992
1751214688.1126776,67.91,72.96,40.57,1,0.04653136994333462
1751214689.1126776,61.83,64.39,103.89,1,0.10054319977303133
1751214690.1126776,35.41,59.27,102.23,1,0.09429085089999267
1751214691.1126776,27.66,68.37,91.01,1,0.07243355462722134
1751214692.1126776,54.19,66.42,71.53,1,0.10169957805173441
1751214693.1126776,70.76,29.97,42.69,1,0.03488488780469534
1751214694.1126776,47.92,64.05,121.74,1,0.0730221769446584
1751214695.1126776,61.09,40.67,109.36,1,0.08819436411703507
1751214696.1126776,18.58,45.66,95.63,1,0.043844319278966704
1751214697.1126776,32.08,61.71,96.35,1,0.09560388706061701
1751214698.1126776,63.42,27.56,95.91,1,0.05829785599472226
1751214699.1126776,37.16,48.1,129.43,1,0.028700342540807
1751214700.1126776,61.55,45.13,129.6,1,0.029066287837240745
1751214701.1126776,53.2,27.06,76.37,1,0.05770756171476388
1751214702.1126776,33.84,76.08,80.97,1,0.06417743121790376
1751214703.1126776,81.91,69.03,101.81,1,0.05741982585415473
1751214704.1126776,68.82,62.42,83.35,1,0.10007581189807802
1751214705.1126776,72.47,41.32,33.32,1,0.019592926491099782
1751214706.1126776,22.54,38.8,115.34,1,0.040521146834839095
1751214707.1126776,21.72,31.29,109.47,1,0.03829925585880545
1751214708.1126776,65.95,56.68,94.85,1,0.09766054916900607
1751214709.1126776,20.02,26.29,75.6,1,0.018244747377734627
1751214710.1126776,72.96,34.97,58.32,1,0.07289879159698742
1751214711.1126776,62.98,55.5,46.51,1,0.07587240662149047
1751214712.1126776,56.76,57.86,97.85,1,0.1009273578101107
1751214713.1126776,80.71,78.52,119.09,-1,-0.007151316945380515
1751214714.1126776,26.08,72.6,44.18,1,0.05557356922516832
1751214715.1126776,45.27,76.0,56.48,1,0.08459392334725219
1751214716.1126776,18.12,39.36,48.03,1,0.048488394666716284
1751214717.1126776,85.3,60.8,76.98,1,0.06652598047798086
1751214718.1126776,42.18,43.48,39.53,1,0.06888084627104096
1751214719.1126776,42.39,59.42,126.43,1,0.05306834489908163
1751214720.1126776,74.74,51.43,128.22,1,0.028554425473415912
1751214721.1126776,51.95,64.12,101.69,1,0.10583153520326405
1751214722.1126776,52.85,78.28,106.4,1,0.03776503077220439
1751214723.1126776,87.54,60.76,58.37,1,0.04299995237687526
1751214724.1126776,81.22,69.31,32.54,-1,-0.006281613007085629
1751214725.1126776,45.85,32.98,123.06,1,0.05151483006631952
1751214726.1126776,77.32,67.51,50.88,1,0.06307758412314013
1751214727.1126776,41.45,72.41,71.23,1,0.09356444640218342
1751214728.1126776,36.9,59.25,95.18,1,0.09810685374153622
1751214729.1126776,28.84,57.3,74.88,1,0.09616837588288346
1751214730.1126776,17.75,48.02,48.78,1,0.0511796329847235
1751214731.1126776,58.73,28.39,105.39,1,0.06139754656527918
1751214732.1126776,84.0,60.38,70.5,1,0.0662512597522128
1751214733.1126776,69.7,27.52,42.11,1,0.02235698218252724
1751214734.1126776,72.82,26.51,66.67,1,0.035675532923197695
1751214735.1126776,39.6,72.48,114.45,1,0.06098715111695652
1751214736.1126776,51.04,31.44,112.35,1,0.0618046617393927
1751214737.1126776,36.4,43.6,99.51,1,0.09318403558168292
1751214738.1126776,53.23,29.18,81.49,1,0.07829171261828927
1751214739.1126776,88.15,33.8,38.11,-1,-0.036156571050362185
1751214740.1126776,54.39,54.87,71.68,1,0.10449659381226978
1751214741.1126776,20.28,34.57,75.52,1,0.05909145449526931
1751214742.1126776,84.89,29.53,111.1,1,0.022784807544711017
1751214743.1126776,79.71,40.48,122.28,1,0.046535230503010006
1751214744.1126776,66.01,34.8,70.86,1,0.08693967309772616
1751214745.1126776,48.22,39.03,44.64,1,0.0739797107725742
1751214746.1126776,61.85,29.96,81.44,1,0.08035303079398082
1751214747.1126776,32.48,48.11,74.21,1,0.0962829468151219
1751214748.1126776,21.3,58.66,46.21,1,0.07624593639699162
1751214749.1126776,89.95,53.36,106.87,1,0.01977127875569562
1751214750.1126776,86.07,42.67,96.06,1,0.04852989651001216
1751214751.1126776,82.23,53.75,104.95,1,0.06649880306345723
1751214752.1126776,86.34,78.07,113.92,-1,-0.0020653488703787914
1751214753.1126776,67.98,70.65,123.8,1,0.05155517297320267
1751214754.1126776,81.47,76.09,39.77,1,0.014923840645400865
1751214755.1126776,80.03,62.0,67.24,1,0.08212227183376208
1751214756.1126776,74.04,31.18,101.4,1,0.048138078622593894
1751214757.1126776,58.14,69.44,98.75,1,0.09291176295112341
1751214758.1126776,45.71,79.74,97.89,1,0.04894176079595092
1751214759.1126776,43.81,26.96,108.11,1,0.033905069195399595
1751214760.1126776,40.73,47.1,116.34,1,0.07798894107591342
1751214761.1126776,62.67,59.42,60.13,1,0.10203190639945481
1751214762.1126776,22.59,40.76,82.42,1,0.0682473379493086
1751214763.1126776,48.84,50.14,53.79,1,0.10569102486617382
1751214764.1126776,86.1,42.04,33.87,-1,-0.027548574298791872
1751214765.1126776,38.88,74.07,78.79,1,0.08308995200544056
1751214766.1126776,50.15,71.63,88.91,1,0.09470338090085939
1751214767.1126776,45.4,31.03,112.99,1,0.05709957041382996
1751214768.1126776,55.22,64.74,45.74,1,0.08759943780023599
1751214769.1126776,74.81,52.27,83.52,1,0.08306943262159167
1751214770.1126776,74.56,52.08,57.53,1,0.08364651931002137
1751214771.1126776,20.71,71.64,39.18,1,0.03531839432079531
1751214772.1126776,88.71,77.35,67.78,1,0.008387530520553632
1751214773.1126776,46.26,59.69,98.06,1,0.1041380511110942
1751214774.1126776,79.58,32.84,70.94,1,0.051578621257136525
1751214775.1126776,46.21,73.48,49.01,1,0.08951431123672582
1751214776.1126776,66.7,57.49,44.65,1,0.07093917281637763
1751214777.1126776,81.01,57.46,75.9,1,0.0759642972441733
1751214778.1126776,53.12,63.1,85.94,1,0.11593338600723663
1751214779.1126776,22.38,37.0,37.69,1,0.04543367805724807
1751214780.1126776,55.06,37.53,31.36,1,0.008508736411098727
1751214781.1126776,85.62,43.05,77.57,1,0.055154059503289554
1751214782.1126776,30.61,65.08,36.28,1,0.05726544610548956
1751214783.1126776,31.92,78.74,41.65,1,0.03140510939543095
1751214784.1126776,55.78,27.57,69.17,1,0.06460905953719887
1751214785.1126776,26.52,35.64,72.13,1,0.07650963383030585
1751214786.1126776,35.17,48.37,101.04,1,0.09279060384430088
1751214787.1126776,48.56,62.31,101.67,1,0.10392754226751261
1751214788.1126776,42.01,75.62,69.37,1,0.08486702103970006
1751214789.1126776,71.58,34.2,128.92,1,0.007709891434746763
1751214790.1126776,79.56,79.09,89.73,1,0.014370443989296544
1751214791.1126776,16.7,58.42,54.12,1,0.04148356156095234
1751214792.1126776,17.95,52.36,63.7,1,0.05648146183004321
1751214793.1126776,50.3,76.0,67.44,1,0.08238535668823316
1751214794.1126776,36.68,78.03,128.9,-1,-0.01887039186530126
1751214795.1126776,25.21,53.63,56.91,1,0.08876253883917884
1751214796.1126776,76.99,39.71,37.42,1,0.013339380368561415
1751214797.1126776,87.09,45.67,104.93,1,0.04621130634489201
1751214798.1126776,37.24,73.92,44.95,1,0.07787645007391442
1751214799.1126776,39.6,44.18,113.82,1,0.07711665825836428
1751214800.1126776,62.23,67.77,38.29,1,0.04679984836568718
1751214801.1126776,66.17,59.98,123.65,1,0.06646381143277713
1751214802.1126776,52.73,68.49,63.91,1,0.09951722373209071
1751214803.1126776,20.5,46.18,44.56,1,0.059082909486395274
1751214804.1126776,25.92,49.09,71.94,1,0.09000624158588733
1751214805.1126776,40.69,66.76,124.29,1,0.05169782983970661
1751214806.1126776,41.91,42.55,75.4,1,0.09818358420566653
1751214807.1126776,61.93,63.42,112.45,1,0.0842683713162613
1751214808.1126776,15.52,50.08,76.64,1,0.036458460353520517
1751214809.1126776,82.61,72.99,128.28,-1,-0.013186759881125276
1751214810.1126776,76.09,44.12,89.45,1,0.07686540783385687
1751214811.1126776,57.43,36.28,61.82,1,0.08956243513781409
1751214812.1126776,65.85,51.34,38.81,1,0.053169306584739506
1751214813.1126776,68.3,37.91,63.24,1,0.08596139131405695
1751214814.1126776,54.88,56.48,103.76,1,0.1047975615517257
1751214815.1126776,21.69,67.21,101.4,1,0.05518607824587629
1751214816.1126776,28.26,43.04,41.65,1,0.06416070676586161
1751214817.1126776,63.51,56.83,86.13,1,0.10460585358924929
1751214818.1126776,32.96,58.08,120.33,1,0.06431774475730834
1751214819.1126776,25.85,48.37,68.2,1,0.09227556912343726
1751214820.1126776,30.81,58.89,74.46,1,0.09957848078239523
1751214821.1126776,66.54,66.08,96.82,1,0.09381836298647833
1751214822.1126776,63.65,56.48,87.82,1,0.10639365111219468
1751214823.1126776,59.54,30.79,98.32,1,0.06642736958211604
1751214824.1126776,61.6,58.17,65.34,1,0.10638767248748116
1751214825.1126776,42.94,56.72,52.87,1,0.10520741588132737
1751214826.1126776,40.09,44.49,38.14,1,0.06580041299297934
1751214827.1126776,81.79,53.36,34.51,1,0.005320116567662625
1751214828.1126776,15.34,28.61,118.37,-1,-0.015248611740683149
1751214829.1126776,36.55,62.15,90.06,1,0.09352428166533966
1751214830.1126776,43.84,71.57,83.58,1,0.09391695452721466
1751214831.1126776,37.39,33.77,77.29,1,0.08338065521612742
1751214832.1126776,27.9,45.47,63.68,1,0.08694322275716682
1751214833.1126776,27.82,56.0,99.33,1,0.07699683671777452
1751214834.1126776,72.01,44.1,123.08,1,0.053878873232303004
1751214835.1126776,42.75,27.46,47.85,1,0.039779125470482346
1751214836.1126776,36.06,35.89,33.14,1,0.024711349098147428
1751214837.1126776,82.79,75.79,85.54,1,0.042304471595661086
1751214838.1126776,62.57,74.62,103.17,1,0.06813138912671124
1751214839.1126776,72.22,27.05,113.42,1,0.032521269628380534
1751214840.1126776,56.38,34.1,49.51,1,0.06512122783794572
1751214841.1126776,58.88,58.18,95.03,1,0.10302278753498095
1751214842.1126776,17.43,79.69,74.67,-1,-0.010723181877178245
1751214843.1126776,18.36,66.93,52.55,1,0.048089785705335175
1751214844.1126776,27.81,74.6,125.51,1,0.0036937256898017523
1751214845.1126776,83.49,72.18,129.64,-1,-0.02144259508642632
1751214846.1126776,31.05,30.72,105.75,1,0.04623734381139355
1751214847.1126776,16.23,38.99,94.63,1,0.017312081788466327
1751214848.1126776,80.95,35.62,122.09,1,0.03404662904623956
1751214849.1126776,52.89,53.08,108.27,1,0.09979078115762924
1751214850.1126776,61.82,63.08,121.96,1,0.0750471636802657
1751214851.1126776,68.08,45.81,47.81,1,0.07655333602545206
1751214852.1126776,47.48,73.73,68.8,1,0.09757775710358169
1751214853.1126776,56.73,65.88,109.22,1,0.0907119440950554
1751214854.1126776,66.1,59.38,49.83,1,0.08107859859193817
1751214855.1126776,58.18,74.8,117.25,1,0.05287396717326143
1751214856.1126776,41.15,31.21,71.34,1,0.07027643360440017
1751214857.1126776,50.47,32.45,81.06,1,0.08587258149408661
1751214858.1126776,87.19,65.7,109.37,1,0.031732164496633075
1751214859.1126776,31.96,71.22,63.78,1,0.08703469495818833
1751214860.1126776,26.84,65.34,43.05,1,0.07545309755478569
1751214861.1126776,23.23,69.96,60.2,1,0.06769798078972222
1751214862.1126776,40.81,75.27,47.42,1,0.07387684987831228
1751214863.1126776,60.79,40.26,113.37,1,0.07548064790480552
1751214864.1126776,41.34,70.96,120.91,1,0.06093150574809392
1751214865.1126776,40.79,77.46,93.45,1,0.06486809232868207
1751214866.1126776,48.42,50.34,109.03,1,0.08926121673157572
1751214867.1126776,67.34,26.35,109.44,1,0.028328237195315298
1751214868.1126776,86.15,75.55,113.37,1,0.01185565807347222
1751214869.1126776,50.82,78.56,79.96,1,0.059692319328605525
1751214870.1126776,23.56,78.31,59.95,1,0.03681620132783425
1751214871.1126776,21.09,53.41,50.58,1,0.06728369905375597
1751214872.1126776,57.66,41.85,87.37,1,0.10126863384856094
1751214873.1126776,48.79,76.9,106.29,1,0.0650612483246853
1751214874.1126776,42.72,51.16,115.16,1,0.08396439742079531
1751214875.1126776,15.25,47.51,74.53,1,0.036925857000114304
1751214876.1126776,44.84,54.07,53.22,1,0.10659567217944194
1751214877.1126776,74.47,47.44,37.9,1,0.028865709773588266
1751214878.1126776,20.47,36.77,117.63,1,0.027750638693197827
1751214879.1126776,61.64,25.16,91.49,1,0.01579489133394596
1751214880.1126776,36.76,30.64,118.95,1,0.04361544037046228
1751214881.1126776,80.81,25.33,95.77,1,0.004206155506064957
1751214882.1126776,67.23,61.42,122.7,1,0.07239376154547417
1751214883.1126776,66.18,51.23,124.59,1,0.06186842629062994
1751214884.1126776,51.16,72.58,38.74,1,0.05098712615621204
1751214885.1126776,29.27,65.44,88.21,1,0.08229285288351018
1751214886.1126776,52.12,77.37,46.81,1,0.05275137750438397
1751214887.1126776,15.84,63.92,32.41,-1,-0.02802420255580995
1751214888.1126776,45.17,57.18,96.95,1,0.10323012867208742
1751214889.1126776,43.74,48.38,63.19,1,0.10867967535801687
1751214890.1126776,49.59,65.6,58.28,1,0.10416447256898864
1751214891.1126776,66.34,47.91,76.84,1,0.11238539767902489
1751214892.1126776,79.0,32.3,119.34,1,0.03441700905359024
1751214893.1126776,81.13,49.49,84.89,1,0.08130315657205794
1751214894.1126776,81.82,64.47,65.21,1,0.07054103565538872
1751214895.1126776,69.47,66.56,62.96,1,0.09124948358791019
1751214896.1126776,74.46,40.57,32.97,1,0.010086977726947222
1751214897.1126776,65.15,71.03,49.07,1,0.07138873456786454
1751214898.1126776,42.72,28.28,85.03,1,0.06638535266798662
1751214899.1126776,40.71,65.78,123.26,1,0.06321412987566577
1751214900.1126776,30.82,48.67,52.52,1,0.09952763116234914
1751214901.1126776,39.68,33.81,38.92,1,0.042110687192373986
1751214902.1126776,80.94,72.07,109.11,1,0.043415673939298904
1751214903.1126776,88.57,40.61,112.04,1,0.02361961394813228
1751214904.1126776,73.45,64.46,116.52,1,0.07491121392830052
1751214905.1126776,25.75,58.84,127.25,1,0.03192142797244957
1751214906.1126776,58.21,29.01,54.82,1,0.06267793818209011
1751214907.1126776,33.1,59.86,97.77,1,0.09607067472941982
1751214908.1126776,40.44,56.77,79.68,1,0.1070201054337695
1751214909.1126776,68.3,50.55,94.39,1,0.09614922761277755
1751214910.1126776,56.96,31.0,52.88,1,0.06404495218315098
1751214911.1126776,61.87,77.2,55.97,1,0.06103743703968678
1751214912.1126776,52.87,42.72,77.16,1,0.10364824701863284
1751214913.1126776,73.26,40.41,112.51,1,0.0741508721617603
1751214914.1126776,78.77,53.22,35.95,1,0.018550386881447056
1751214915.1126776,83.67,34.61,127.28,1,0.006008380732004381
1751214916.1126776,63.2,60.8,63.2,1,0.10269736770516241
1751214917.1126776,88.04,57.48,106.84,1,0.030545835657503906
1751214918.1126776,57.78,43.76,75.84,1,0.09537861254677482
1751214919.1126776,89.05,64.52,70.44,1,0.030472004101442463
1751214920.1126776,79.21,41.98,102.66,1,0.06378323221972382
1751214921.1126776,87.99,49.76,55.72,1,0.022152868595899933
1751214922.1126776,28.81,42.12,34.04,1,0.028204352481024708
1751214923.1126776,48.77,35.0,69.78,1,0.0830745950869351
1751214924.1126776,21.74,28.9,103.39,1,0.03099069153857048
1751214925.1126776,27.26,43.63,107.42,1,0.06423225358805018
1751214926.1126776,18.51,57.27,81.58,1,0.06259761919672324
1751214927.1126776,79.23,43.94,82.51,1,0.07734867446741028
1751214928.1126776,47.91,53.99,100.5,1,0.1048045345359725
1751214929.1126776,87.15,48.91,57.25,1,0.04347803855167187
1751214930.1126776,49.99,62.92,63.49,1,0.10894130795486656
1751214931.1126776,19.47,37.26,40.04,1,0.04422955794342032
1751214932.1126776,44.73,77.46,58.33,1,0.07677015708632579
1751214933.1126776,47.18,30.72,107.94,1,0.059429574778933625
1751214934.1126776,23.47,49.51,121.65,1,0.04283670951322882
1751214935.1126776,60.54,58.83,86.53,1,0.10026785178542497
1751214936.1126776,69.43,38.73,59.89,1,0.08785825160419342
1751214937.1126776,66.93,31.35,81.05,1,0.08803384369138556
1751214938.1126776,72.01,69.26,34.27,1,0.021605290073944627
1751214939.1126776,54.27,64.67,94.42,1,0.1092781194474799
1751214940.1126776,79.43,62.36,124.59,1,0.028007114592126126
1751214941.1126776,23.3,64.88,91.25,1,0.06619199528075037
1751214942.1126776,45.16,60.66,106.49,1,0.09491672164286413
1751214943.1126776,22.1,57.28,117.3,1,0.049912787719879836
1751214944.1126776,19.3,57.42,123.8,1,0.024674903676207283
1751214945.1126776,80.94,62.73,72.56,1,0.08002117555164501
1751214946.1126776,56.29,60.12,42.93,1,0.07454794817443633
1751214947.1126776,58.67,42.67,51.19,1,0.07940283156830946
1751214948.1126776,60.79,32.53,76.63,1,0.08573841385525294
1751214949.1126776,47.66,79.44,79.63,1,0.05576802338764353
1751214950.1126776,23.21,70.65,38.69,1,0.03814983479046041
1751214951.1126776,63.56,46.72,32.51,1,0.025855454030095038
1751214952.1126776,34.42,53.97,72.45,1,0.0979732319724243
1751214953.1126776,60.66,36.75,45.55,1,0.06723269525935183
1751214954.1126776,89.08,26.42,55.96,-1,-0.021117838034974135
1751214955.1126776,22.53,37.01,65.65,1,0.07324875304312983
1751214956.1126776,46.03,28.08,76.93,1,0.07057386126811305
1751214957.1126776,60.29,42.23,117.47,1,0.08271399288649289
1751214958.1126776,69.83,68.28,90.26,1,0.08564950220121742
1751214959.1126776,18.14,47.73,126.94,1,0.008604498291925
1751214960.1126776,76.04,53.21,125.32,1,0.038291596863097466
1751214961.1126776,43.31,34.09,53.13,1,0.07841608043553833
1751214962.1126776,31.58,48.48,104.53,1,0.07769140336784669
1751214963.1126776,26.27,79.59,46.38,1,0.01819309180707107
1751214964.1126776,68.97,59.0,45.61,1,0.07045327544919722
1751214965.1126776,50.19,78.59,114.27,1,0.03098082680916714
1751214966.1126776,88.43,59.82,43.22,1,0.006440349177197824
1751214967.1126776,48.58,64.61,64.61,1,0.11093103286646155
1751214968.1126776,34.75,72.67,90.34,1,0.07513037201149225
1751214969.1126776,33.99,54.95,104.08,1,0.08199957214425718
1751214970.1126776,81.98,59.09,108.0,1,0.061634581489531715
1751214971.1126776,41.69,27.19,52.81,1,0.04773398509819349
1751214972.1126776,74.68,36.54,42.93,1,0.04154868249023047
1751214973.1126776,70.92,45.8,86.53,1,0.09972355773279906
1751214974.1126776,80.05,59.71,67.79,1,0.07909695626807656
1751214975.1126776,46.09,42.31,74.72,1,0.09998688257996491
1751214976.1126776,83.87,69.31,54.37,1,0.0501843366789545
1751214977.1126776,61.55,45.3,101.37,1,0.10818671982184713
1751214978.1126776,55.15,62.94,119.03,1,0.07879584900567921
1751214979.1126776,52.85,27.71,122.99,1,0.02985155789545979
1751214980.1126776,63.3,58.97,72.93,1,0.10214577225228605
1751214981.1126776,60.47,40.39,31.3,1,0.016074500033681494
1751214982.1126776,40.36,72.34,96.58,1,0.08535229667018712
1751214983.1126776,29.05,28.37,68.28,1,0.054360576684660544
1751214984.1126776,17.24,59.46,118.99,1,0.020494025080228684
1751214985.1126776,55.2,27.44,104.74,1,0.056140669743004246
1751214986.1126776,76.09,48.4,121.82,1,0.05642488100725673
1751214987.1126776,49.84,47.23,82.64,1,0.09644713687281348
1751214988.1126776,38.64,47.74,105.5,1,0.08690911816951846
1751214989.1126776,30.59,77.56,73.1,1,0.06459419955288537
1751214990.1126776,85.87,49.93,73.92,1,0.06193012259633979
1751214991.1126776,63.92,61.39,70.85,1,0.11565979053984432
1751214992.1126776,47.55,65.93,110.46,1,0.08964593055870246
1751214993.1126776,18.26,48.01,123.44,1,0.02210066086583462
1751214994.1126776,23.34,27.89,104.52,1,0.03264875978979065
1751214995.1126776,28.76,37.2,51.99,1,0.08294288858532961
1751214996.1126776,61.42,64.28,83.81,1,0.09906238007535406
1751214997.1126776,52.08,50.55,40.32,1,0.07889983253733185
1751214998.1126776,73.77,31.63,112.08,1,0.048090511686947446
1751214999.1126776,18.85,65.38,84.29,1,0.052162768701873974
1751215000.1126776,58.42,67.41,91.59,1,0.10227473174868462
1751215001.1126776,61.89,44.96,80.98,1,0.10934654570035202
1751215002.1126776,36.49,51.43,88.39,1,0.10076651079074994
1751215003.1126776,45.49,76.68,125.19,1,0.01952613396015901
1751215004.1126776,37.85,65.45,127.13,1,0.04015711892502449
1751215005.1126776,71.79,69.93,38.03,1,0.03399962537425627
1751215006.1126776,30.01,25.86,120.21,-1,-0.00864380813374832
1751215007.1126776,18.17,52.14,99.94,1,0.0425473137503215
1751215008.1126776,74.36,75.76,69.97,1,0.06093888338087394
1751215009.1126776,34.22,59.45,75.2,1,0.09739315818102545
1751215010.1126776,53.49,34.03,48.07,1,0.06447745288273554
1751215011.1126776,67.69,71.5,116.21,1,0.06333032678161965
1751215012.1126776,32.69,74.15,43.69,1,0.06960449346238784
1751215013.1126776,54.79,53.35,46.07,1,0.09629815632663996
1751215014.1126776,22.49,63.09,75.59,1,0.06651373376428105
1751215015.1126776,81.11,70.58,94.3,1,0.05602856151314728
1751215016.1126776,46.31,55.27,84.88,1,0.10490229972300252
1751215017.1126776,65.47,29.66,67.64,1,0.06833743480614818
1751215018.1126776,43.34,42.19,68.67,1,0.09902430477436941
1751215019.1126776,63.67,78.1,65.53,1,0.06328416198576448
1751215020.1126776,83.71,77.62,67.23,1,0.038517237292027606
1751215021.1126776,36.95,49.1,37.59,1,0.07195428214194599
1751215022.1126776,40.91,69.5,96.99,1,0.08954111580220137
1751215023.1126776,85.83,49.74,72.87,1,0.06122576221215159
1751215024.1126776,35.3,43.36,78.5,1,0.09587506814540653
1751215025.1126776,58.09,26.18,117.72,1,0.026825762364624084
1751215026.1126776,80.05,77.67,37.52,-1,-0.0051165843295624125
1751215027.1126776,65.13,43.66,120.62,1,0.07079478019702945
1751215028.1126776,28.78,37.75,54.63,1,0.07709752305555012
1751215029.1126776,64.4,37.81,119.83,1,0.06425019791447162
1751215030.1126776,55.65,58.01,69.27,1,0.10838303068476951
1751215031.1126776,73.06,25.54,87.21,1,0.01920776055665141
1751215032.1126776,56.53,40.9,56.59,1,0.08802406176513183
1751215033.1126776,27.04,43.88,58.67,1,0.0831242659432872
1751215034.1126776,61.96,43.2,61.77,1,0.09964867569445002
1751215035.1126776,79.24,70.46,56.69,1,0.05465409130410703
1751215036.1126776,84.61,56.82,82.05,1,0.06592778676311362
1751215037.1126776,67.78,31.38,125.58,1,0.028275720428367457
1751215038.1126776,88.68,52.02,117.4,1,0.013979932261789507
1751215039.1126776,55.44,72.18,65.08,1,0.0913934128882189
1751215040.1126776,76.67,54.08,101.72,1,0.0786622166318603
1751215041.1126776,38.16,76.83,57.03,1,0.07677074869855383
1751215042.1126776,54.46,31.58,121.52,1,0.04859701343113654
1751215043.1126776,47.52,49.54,39.8,1,0.08534432983473822
1751215044.1126776,83.0,28.9,53.65,1,0.028044240808757448
1751215045.1126776,85.12,64.83,115.04,1,0.03250950823758647
1751215046.1126776,18.58,63.64,100.71,1,0.04408078647988867
1751215047.1126776,67.24,37.77,127.06,1,0.029250543845457222
1751215048.1126776,29.77,31.94,107.83,1,0.050702930195965834
1751215049.1126776,22.42,61.62,104.09,1,0.06388818996893542
1751215050.1126776,29.74,45.4,39.38,1,0.06304719406558001
1751215051.1126776,43.62,67.89,104.51,1,0.08638644832481918
1751215052.1126776,17.53,33.81,104.59,1,0.02484866406017905
1751215053.1126776,60.65,25.68,108.9,1,0.02948560449178239
1751215054.1126776,53.62,36.37,93.96,1,0.08493869811193189
1751215055.1126776,72.14,30.76,70.67,1,0.068587549465147
1751215056.1126776,46.75,59.97,76.91,1,0.1096304163331655
1751215057.1126776,84.44,53.61,52.47,1,0.06101149983387877
1751215058.1126776,22.67,77.41,125.63,-1,-0.024616097075444654
1751215059.1126776,64.88,78.7,114.07,1,0.03144858381180815
1751215060.1126776,84.45,75.08,44.8,1,0.011405446357386162
1751215061.1126776,55.58,56.83,110.33,1,0.09197045586804425
1751215062.1126776,46.41,25.67,59.1,1,0.02654820330383667
1751215063.1126776,48.55,66.82,63.08,1,0.10490703856168654
1751215064.1126776,53.05,38.49,85.56,1,0.1007578343850059
1751215065.1126776,60.16,69.91,68.38,1,0.09473905290245271
1751215066.1126776,20.31,78.46,35.95,-1,-0.025637223170943746
1751215067.1126776,30.11,74.75,122.43,1,0.022741847912104984
1751215068.1126776,80.67,59.8,92.27,1,0.07332992179715347
1751215069.1126776,21.52,53.32,38.46,1,0.053923041422543894
1751215070.1126776,38.69,40.97,73.24,1,0.10263636702741863
1751215071.1126776,15.32,70.91,39.04,-1,-0.015843713166479922
1751215072.1126776,51.27,78.35,48.77,1,0.05181394077275925
1751215073.1126776,56.61,63.3,84.37,1,0.10685235423604811
1751215074.1126776,17.26,65.86,56.87,1,0.037277784589938356
1751215075.1126776,29.76,36.28,85.21,1,0.06959891334194523
1751215076.1126776,23.76,40.28,91.58,1,0.05848849991275673
1751215077.1126776,26.61,57.13,106.92,1,0.0748216477458426
1751215078.1126776,51.75,63.79,89.22,1,0.10919272613912345
1751215079.1126776,29.84,69.52,120.14,1,0.0556245736848926
1751215080.1126776,86.08,31.08,46.49,1,0.0039624562906893646
1751215081.1126776,49.28,64.61,117.22,1,0.08750637577643744
1751215082.1126776,42.69,60.84,99.21,1,0.09715842637658939
1751215083.1126776,75.73,39.9,104.38,1,0.06340781237668625
1751215084.1126776,40.12,36.23,71.48,1,0.09536897556202628
1751215085.1126776,82.07,44.24,36.92,-1,-0.001860514032830829
1751215086.1126776,74.4,61.11,87.7,1,0.08238041406455288
1751215087.1126776,71.33,59.12,80.41,1,0.08250060919290497
1751215088.1126776,43.79,51.06,39.86,1,0.08653059570819938
1751215089.1126776,88.3,46.03,91.7,1,0.03132495533102986
1751215090.1126776,87.84,77.67,46.7,-1,-0.007629256582259103
1751215091.1126776,60.75,56.99,74.04,1,0.10578550078151877
1751215092.1126776,87.42,31.45,57.95,1,0.02107406275872037
1751215093.1126776,16.75,57.83,74.53,1,0.052219846438806505
1751215094.1126776,31.04,49.79,57.86,1,0.10561173267954621
1751215095.1126776,85.82,46.6,99.75,1,0.05584105230431535
1751215096.1126776,26.48,56.25,123.59,1,0.044074894843612156
1751215097.1126776,25.72,59.57,70.66,1,0.09185623441833035
1751215098.1126776,22.3,59.33,59.64,1,0.08009145607261464
1751215099.1126776,45.92,58.93,112.59,1,0.08174077428492738
1751215100.1126776,73.53,46.09,74.21,1,0.08342208945667834
1751215101.1126776,70.62,38.4,85.59,1,0.08572747257280511
1751215102.1126776,87.13,63.33,113.43,1,0.02724367405874084
1751215103.1126776,68.02,33.82,42.74,1,0.05186103142648257
1751215104.1126776,78.37,61.26,81.59,1,0.07846888790109458
1751215105.1126776,73.05,59.13,121.09,1,0.056115098388446194
1751215106.1126776,35.28,29.57,90.73,1,0.05658463315257134
1751215107.1126776,62.41,72.23,94.73,1,0.08096443661796288
1751215108.1126776,24.21,79.39,101.16,1,0.016605811836485462
1751215109.1126776,61.34,58.26,69.59,1,0.10945765727621393
1751215110.1126776,52.15,53.41,122.03,1,0.07839516814800956
1751215111.1126776,70.08,40.06,42.85,1,0.060873657218732724
1751215112.1126776,26.66,49.28,79.04,1,0.08088108740091776
1751215113.1126776,44.41,29.58,125.5,1,0.022337180412773106
1751215114.1126776,44.61,40.73,87.92,1,0.10335497991340409
1751215115.1126776,89.21,37.94,84.92,1,0.010430012301718139
1751215116.1126776,16.89,55.85,49.7,1,0.027875961817665273
1751215117.1126776,19.33,59.55,44.23,1,0.05468862246658579
1751215118.1126776,70.32,26.74,54.4,1,0.04362739659311121
1751215119.1126776,41.25,33.57,76.44,1,0.09320206311186174
1751215120.1126776,30.09,73.75,117.52,1,0.037730575288904555
1751215121.1126776,54.61,78.63,85.4,1,0.05845398919198208
1751215122.1126776,72.63,70.09,63.8,1,0.07527161259858711
1751215123.1126776,84.27,26.34,80.09,1,0.012710719426543005
1751215124.1126776,54.61,73.36,93.47,1,0.08704715735136725
1751215125.1126776,49.95,71.92,31.1,1,0.02022293255940577
1751215126.1126776,85.09,76.05,127.56,-1,-0.02179067823809755
1751215127.1126776,78.29,67.81,113.83,1,0.043414736065709114
1751215128.1126776,51.21,77.42,108.17,1,0.04962389167674408
1751215129.1126776,78.51,30.21,53.72,1,0.03757631340950818
1751215130.1126776,35.04,72.7,51.81,1,0.0923475048761569
1751215131.1126776,88.04,63.78,45.3,1,0.010437547384933632
1751215132.1126776,17.67,28.54,108.36,1,0.015462740188326829
1751215133.1126776,15.95,30.27,86.53,1,0.004000360726376995
1751215134.1126776,18.68,43.66,64.13,1,0.06303413029312244
1751215135.1126776,50.31,77.25,98.91,1,0.05888060056785194
1751215136.1126776,42.09,62.23,108.54,1,0.08716226532415905
1751215137.1126776,47.49,61.67,54.28,1,0.10777352759718595
1751215138.1126776,63.79,39.59,46.7,1,0.06948198801599725
1751215139.1126776,57.62,69.03,40.76,1,0.06487435460607982
1751215140.1126776,79.29,55.15,51.36,1,0.06236699995127326
1751215141.1126776,37.66,58.47,74.04,1,0.1087543526472185
1751215142.1126776,36.21,54.02,34.94,1,0.06639182916620667
1751215143.1126776,60.33,45.23,59.94,1,0.09643218607514514
1751215144.1126776,84.75,74.36,42.17,1,0.015513607218121006
1751215145.1126776,27.62,33.38,95.33,1,0.05480440750899451
1751215146.1126776,40.03,26.62,58.08,1,0.04689248911981447
1751215147.1126776,80.61,47.62,126.27,1,0.026143952886331756
1751215148.1126776,34.4,28.2,107.48,1,0.04204653892079202
1751215149.1126776,17.35,74.54,68.65,1,0.02108386139095053
1751215150.1126776,33.43,63.2,128.37,1,0.019114583500263405
1751215151.1126776,19.19,62.89,96.36,1,0.04424311674768788
1751215152.1126776,87.5,49.87,113.01,1,0.026387160464682813
1751215153.1126776,67.53,47.46,77.9,1,0.1084708302066319
1751215154.1126776,24.58,43.93,73.16,1,0.07826290854302559
1751215155.1126776,78.74,42.75,57.57,1,0.05842829695724494
1751215156.1126776,76.36,45.53,62.3,1,0.07386948954806577
1751215157.1126776,75.6,71.33,104.04,1,0.06140064149380875
1751215158.1126776,73.29,30.92,55.31,1,0.05768363352706096
1751215159.1126776,46.55,25.34,96.81,1,0.00795965117804831
1751215160.1126776,61.47,38.89,78.87,1,0.10205982219655901
1751215161.1126776,40.95,40.83,119.97,1,0.0692485109751515
1751215162.1126776,65.11,79.34,69.67,1,0.04561468188307216
1751215163.1126776,39.71,49.82,65.91,1,0.1102052421469405
1751215164.1126776,22.55,28.59,68.52,1,0.05113083071780511
1751215165.1126776,72.98,53.69,46.98,1,0.07872479735982796
1751215166.1126776,56.49,57.99,117.73,1,0.08441171226863126
1751215167.1126776,35.97,74.18,67.97,1,0.08513238722458849
1751215168.1126776,61.23,67.69,101.79,1,0.0950384474877593
1751215169.1126776,89.15,78.19,75.61,-1,-0.008335565886443908
1751215170.1126776,82.17,65.65,122.6,1,0.017017003643181372
1751215171.1126776,43.26,42.56,73.31,1,0.1013043183166768
1751215172.1126776,25.07,39.06,98.68,1,0.05075055063700007
1751215173.1126776,62.78,35.23,92.2,1,0.08029757723746
1751215174.1126776,36.02,75.1,35.32,1,0.02714551995381309
1751215175.1126776,25.7,51.66,55.83,1,0.09356475484940929
1751215176.1126776,63.45,44.01,121.97,1,0.07261201508383353
1751215177.1126776,64.0,67.54,34.04,1,0.03711736447634573
1751215178.1126776,62.4,46.12,79.58,1,0.10416493726274995
1751215179.1126776,72.53,31.77,81.24,1,0.07629105203074893
1751215180.1126776,63.72,73.84,64.37,1,0.0753813112331953
1751215181.1126776,19.29,49.57,76.09,1,0.06846403525915179
1751215182.1126776,81.86,38.96,92.71,1,0.06486568739448106
1751215183.1126776,50.88,70.88,62.21,1,0.08817772520658651
1751215184.1126776,49.74,39.52,123.53,1,0.05860337226625112
1751215185.1126776,48.65,33.72,114.48,1,0.06931425014938486
1751215186.1126776,64.57,35.71,117.32,1,0.06649287803595028
1751215187.1126776,58.82,65.56,58.91,1,0.09984454162923423
1751215188.1126776,34.96,25.89,37.98,1,0.001484190075171754
1751215189.1126776,40.32,62.28,98.32,1,0.10073081612700163
1751215190.1126776,61.72,46.83,124.64,1,0.06241796975574265
1751215191.1126776,57.96,69.18,101.19,1,0.09078975655032134
1751215192.1126776,88.88,76.34,80.48,1,0.006910527223472407
1751215193.1126776,63.5,50.35,72.72,1,0.10919500492066381
1751215194.1126776,55.47,73.53,40.62,1,0.06060355616461266
1751215195.1126776,32.0,78.41,90.28,1,0.0419303482881177
1751215196.1126776,87.21,37.45,90.44,1,0.0321286255160832
1751215197.1126776,37.42,34.0,108.9,1,0.058501493049660125
1751215198.1126776,37.16,74.84,69.25,1,0.08586704939745715
1751215199.1126776,89.51,54.12,76.1,1,0.020714676005508803
1751215200.1126776,85.73,77.12,95.49,1,0.025233450525622203
1751215201.1126776,67.6,72.39,66.75,1,0.0843630266099743
1751215202.1126776,43.72,53.97,72.76,1,0.10414807964158396
1751215203.1126776,37.53,74.52,65.59,1,0.08790626191024642
1751215204.1126776,49.26,67.09,47.07,1,0.08604066588075243
1751215205.1126776,88.72,68.84,79.98,1,0.01611744915587321
1751215206.1126776,85.78,36.11,102.42,1,0.03425544414689374
1751215207.1126776,44.52,73.51,80.83,1,0.08782111779521101
1751215208.1126776,15.2,38.75,113.9,1,0.00750273628878706
1751215209.1126776,27.29,71.19,45.22,1,0.06525932810504842
1751215210.1126776,44.81,61.39,96.97,1,0.10200825943833502
1751215211.1126776,22.32,42.77,38.26,1,0.051963973467824776
1751215212.1126776,71.51,74.68,42.31,1,0.03915520190197719
1751215213.1126776,51.48,44.4,94.99,1,0.10138845960543269
1751215214.1126776,36.52,53.48,96.47,1,0.0954428071383307
1751215215.1126776,78.16,35.2,60.22,1,0.058201264912468575
1751215216.1126776,58.68,39.65,34.27,1,0.027157838462379624
1751215217.1126776,36.03,29.63,45.68,1,0.035993070156068896
1751215218.1126776,77.34,53.47,31.16,1,0.012470695787233366
1751215219.1126776,83.23,25.85,32.63,-1,-0.04655642403922533
1751215220.1126776,85.39,25.33,105.11,-1,-0.02232771666851352
1751215221.1126776,28.86,76.84,47.02,1,0.05486538066600333
1751215222.1126776,22.85,48.71,99.72,1,0.06463629850302977
1751215223.1126776,62.56,57.81,121.24,1,0.07727919716842907
1751215224.1126776,31.41,27.19,81.17,1,0.03613591505177882
1751215225.1126776,26.92,78.28,63.22,1,0.04892544972087953
1751215226.1126776,34.01,39.41,63.23,1,0.08811571311689509
1751215227.1126776,39.1,73.11,119.65,1,0.05851631340650898
1751215228.1126776,59.98,28.13,113.66,1,0.04989183374163375
1751215229.1126776,87.04,69.88,54.6,1,0.020113285976583795
1751215230.1126776,16.25,74.16,113.24,-1,-0.01784233074533803
1751215231.1126776,44.01,41.77,95.19,1,0.08706532604454148
1751215232.1126776,25.35,62.69,106.17,1,0.07092851462574701
1751215233.1126776,85.58,75.91,76.61,1,0.040441270088061754
1751215234.1126776,42.25,76.26,111.78,1,0.04629341828273792
1751215235.1126776,19.25,34.31,49.14,1,0.047827797869280264
1751215236.1126776,45.87,68.2,66.58,1,0.0963161783001551
1751215237.1126776,21.66,53.98,95.46,1,0.05633872804553719
1751215238.1126776,16.67,50.1,46.96,1,0.037456458934069015
1751215239.1126776,87.91,27.34,70.56,1,7.0475483977539e-06
1751215240.1126776,41.81,27.96,78.1,1,0.06848108714550483
1751215241.1126776,87.93,71.01,73.18,1,0.033429500151746616
1751215242.1126776,32.26,44.0,118.18,1,0.06543590892454276
1751215243.1126776,70.9,76.55,113.37,1,0.04170766535622494
1751215244.1126776,49.55,77.27,39.16,1,0.043396900540549455
1751215245.1126776,86.44,50.19,78.35,1,0.05731956471407518
1751215246.1126776,34.36,41.81,39.92,1,0.07216846520950249
1751215247.1126776,50.56,65.71,79.57,1,0.10064232675445844
1751215248.1126776,59.97,39.2,36.16,1,0.028118471650155352
1751215249.1126776,61.01,34.55,74.25,1,0.08178635391840494
1751215250.1126776,56.75,58.76,50.4,1,0.08757147683614458
1751215251.1126776,46.65,52.14,83.73,1,0.09943880740041244
1751215252.1126776,88.64,63.53,129.32,-1,-0.026038504343590563
1751215253.1126776,17.17,40.81,58.71,1,0.04841516131599177
1751215254.1126776,39.61,76.26,75.57,1,0.07653753012995679
1751215255.1126776,72.89,77.9,105.77,1,0.041258883954109926
1751215256.1126776,45.29,53.87,101.88,1,0.09375579743818163
1751215257.1126776,64.97,26.76,58.35,1,0.049405722027600185
1751215258.1126776,21.69,39.32,36.06,1,0.03192797201198283
1751215259.1126776,20.11,26.18,57.62,1,0.02125159383762587
1751215260.1126776,41.88,65.74,55.18,1,0.09744856579714789
1751215261.1126776,35.53,26.42,90.67,1,0.031176564650321592
1751215262.1126776,72.54,73.96,105.2,1,0.06121927150275075
1751215263.1126776,38.41,78.89,62.03,1,0.057135659991406684
1751215264.1126776,89.87,26.47,60.18,-1,-0.028806442490521555
1751215265.1126776,85.29,37.48,51.49,1,0.041403902472050724
1751215266.1126776,62.47,77.49,86.02,1,0.05947297990750966
1751215267.1126776,16.29,69.42,76.92,1,0.028569321061256092
1751215268.1126776,32.66,65.39,97.86,1,0.09266602102000998
1751215269.1126776,79.65,36.83,126.95,1,0.013125319085559028
1751215270.1126776,21.85,75.02,57.2,1,0.04860914172110831
1751215271.1126776,87.0,76.7,100.8,1,0.02271436128062454
1751215272.1126776,80.33,40.37,100.0,1,0.06940191254923589
1751215273.1126776,40.12,28.7,96.66,1,0.062339110803119935
1751215274.1126776,19.35,51.57,119.73,1,0.03297152892754118
1751215275.1126776,29.5,57.23,91.69,1,0.08397121287880033
1751215276.1126776,63.85,64.33,78.68,1,0.10459539743073393
1751215277.1126776,20.4,37.4,57.84,1,0.0677649715485742
1751215278.1126776,50.42,57.63,114.87,1,0.08332237591741426
1751215279.1126776,75.63,44.95,80.49,1,0.08379896528629516
1751215280.1126776,64.23,58.5,105.19,1,0.10094227588527316
1751215281.1126776,57.8,49.77,38.33,1,0.062129588279429826
1751215282.1126776,46.52,69.39,128.07,1,0.0371713931826132
1751215283.1126776,55.77,41.99,95.23,1,0.08970021043992554
1751215284.1126776,33.09,56.27,115.38,1,0.07535647113973021
1751215285.1126776,32.95,43.68,100.45,1,0.08799547851523554
1751215286.1126776,26.11,34.12,113.53,1,0.04208830230487326
1751215287.1126776,54.68,52.87,105.58,1,0.09776838967689755
1751215288.1126776,79.5,33.72,33.7,-1,-0.012968703977240148
1751215289.1126776,16.1,73.23,48.73,1,0.0008513235200970914
1751215290.1126776,38.88,76.07,45.83,1,0.06876220116360177
1751215291.1126776,52.01,48.15,104.73,1,0.0970447633735958
1751215292.1126776,84.91,50.64,99.33,1,0.060979879073217225
1751215293.1126776,65.76,76.93,128.43,1,0.0009664977324329582
1751215294.1126776,78.28,65.13,122.84,1,0.02954964784313374
1751215295.1126776,73.9,38.38,91.0,1,0.07295603565787567
1751215296.1126776,16.1,32.18,40.31,-1,-0.00013390341955654694
1751215297.1126776,31.02,53.74,44.21,1,0.0839055011758571
1751215298.1126776,80.49,48.52,52.09,1,0.06423335377817696
1751215299.1126776,60.77,32.97,120.06,1,0.06581072233778551
1751215300.1126776,45.62,34.2,66.97,1,0.08160025599507786
1751215301.1126776,65.68,48.66,95.87,1,0.10202601188797467
1751215302.1126776,39.68,65.03,43.2,1,0.08661767323107727
1751215303.1126776,59.4,58.33,80.16,1,0.09933071937016746
1751215304.1126776,66.5,51.14,44.59,1,0.07395753140661965
1751215305.1126776,87.02,58.89,56.13,1,0.04257440309790195
1751215306.1126776,39.16,39.82,82.48,1,0.09922162966533149
1751215307.1126776,47.18,35.53,69.09,1,0.09204022402852574
1751215308.1126776,84.79,57.58,51.42,1,0.051361643678702995
1751215309.1126776,56.42,54.38,91.07,1,0.10845199691963431
1751215310.1126776,50.9,71.0,69.99,1,0.09736409707469895
1751215311.1126776,55.07,69.09,50.45,1,0.08757050745842221
1751215312.1126776,73.99,77.74,126.72,-1,-0.010112833609790983
1751215313.1126776,66.94,49.34,112.03,1,0.09170429975870892
1751215314.1126776,77.97,27.54,100.64,1,0.033724291542050366
1751215315.1126776,69.25,48.65,119.38,1,0.07593043799873994
1751215316.1126776,41.42,55.47,36.1,1,0.057494608707232
1751215317.1126776,19.52,35.2,106.33,1,0.03591546537432477
1751215318.1126776,70.81,79.51,127.52,-1,-0.022440474665379462
1751215319.1126776,16.41,25.18,56.76,-1,-0.023221956551731426
1751215320.1126776,51.33,61.35,85.45,1,0.10934614161130723
1751215321.1126776,32.51,52.11,105.1,1,0.08056802986241263
1751215322.1126776,56.85,31.13,128.73,1,0.008529961955638043
1751215323.1126776,17.75,30.83,41.3,1,0.009749222275669989
1751215324.1126776,69.46,28.16,69.63,1,0.06431928915563367
1751215325.1126776,73.68,61.07,65.85,1,0.09138451690182225
1751215326.1126776,48.24,58.83,76.81,1,0.11394088953366988
1751215327.1126776,16.39,70.47,108.63,1,0.005353428385522108
1751215328.1126776,27.6,59.23,55.0,1,0.09961357683667516
1751215329.1126776,81.2,39.69,117.5,1,0.053151769779062
1751215330.1126776,21.34,37.27,58.08,1,0.07085838244377651
1751215331.1126776,55.52,49.22,59.78,1,0.10943131924898458
1751215332.1126776,15.71,43.03,69.3,1,0.031995708092835695
1751215333.1126776,71.05,68.9,58.08,1,0.08680608626720315
1751215334.1126776,54.28,43.7,117.43,1,0.08309465010149164
1751215335.1126776,31.35,67.07,78.89,1,0.09049764126105075
1751215336.1126776,88.21,60.97,41.9,1,0.005044894840156355
1751215337.1126776,75.58,62.97,66.02,1,0.08739772576469418
1751215338.1126776,38.36,70.61,85.11,1,0.09053155453612682
1751215339.1126776,31.89,66.76,111.22,1,0.0674462321634508
1751215340.1126776,22.81,66.91,109.88,1,0.04492323519690655
1751215341.1126776,35.85,57.97,53.63,1,0.1060432802310215
1751215342.1126776,63.37,76.08,72.5,1,0.07639431349864584
1751215343.1126776,36.89,36.59,96.13,1,0.07086040228405888
1751215344.1126776,64.03,72.93,32.45,1,0.011191038171499912
1751215345.1126776,36.43,67.07,103.19,1,0.08565755045021256
1751215346.1126776,19.58,25.05,125.57,-1,-0.05625052675026243
1751215347.1126776,26.5,47.3,39.16,1,0.05926693141422357
1751215348.1126776,77.67,37.29,66.14,1,0.06505864243690362
1751215349.1126776,41.31,40.95,47.36,1,0.08521402667115435
1751215350.1126776,33.97,67.43,123.38,1,0.04970354479161365
1751215351.1126776,54.26,44.18,62.64,1,0.09281665384367066
1751215352.1126776,51.66,73.19,43.08,1,0.06657225786367216
1751215353.1126776,80.65,78.88,102.53,1,0.020443114267646667
1751215354.1126776,86.1,75.56,88.36,1,0.029184316545593947
1751215355.1126776,44.4,67.11,51.61,1,0.0984418870511356
1751215356.1126776,21.47,34.19,97.54,1,0.041634323752678726
1751215357.1126776,60.92,49.33,106.88,1,0.10576281040233904
1751215358.1126776,28.83,77.17,90.8,1,0.04708776594090702
1751215359.1126776,61.26,43.68,116.39,1,0.0890510951171875
1751215360.1126776,45.17,39.99,99.36,1,0.07880392345795717
1751215361.1126776,34.9,45.92,62.96,1,0.09680130484295929
1751215362.1126776,48.92,57.56,65.95,1,0.10948243735070173
1751215363.1126776,76.0,46.72,39.88,1,0.04623423388354653
1751215364.1126776,88.56,74.18,87.63,1,0.00845621883938874
1751215365.1126776,51.56,76.83,59.83,1,0.07402540324656637
1751215366.1126776,18.39,32.57,30.97,-1,-0.02207650335795941
1751215367.1126776,69.42,49.5,73.26,1,0.10496756912333988
1751215368.1126776,84.38,61.02,65.2,1,0.07031215843659877
1751215369.1126776,17.54,27.59,128.63,-1,-0.03981888130832356
1751215370.1126776,79.63,53.61,99.24,1,0.07682638969937444
1751215371.1126776,36.97,26.63,120.46,1,0.013096736981021206
1751215372.1126776,64.5,33.55,57.72,1,0.0749819481198225
1751215373.1126776,16.1,46.56,42.88,1,0.018110522865696366
1751215374.1126776,46.41,66.5,53.12,1,0.1015271055443403
1751215375.1126776,26.51,28.67,124.82,1,0.0008020184131752872
1751215376.1126776,76.05,37.38,67.48,1,0.062753079370656
1751215377.1126776,30.51,40.37,88.13,1,0.08234560251746886
1751215378.1126776,20.46,47.18,83.48,1,0.06022557438180809
1751215379.1126776,31.21,77.31,41.01,1,0.0423795675358003
1751215380.1126776,30.48,78.65,59.13,1,0.04776400223611055
1751215381.1126776,31.46,69.91,43.36,1,0.07933299998651011
1751215382.1126776,66.12,71.4,100.55,1,0.07738089985359958
1751215383.1126776,46.84,42.35,120.73,1,0.07353990614080125
1751215384.1126776,81.9,40.32,73.77,1,0.05972964908005218
1751215385.1126776,56.06,63.04,41.95,1,0.07354619434351956
1751215386.1126776,40.76,26.02,73.22,1,0.04203775402362464
1751215387.1126776,49.69,28.56,122.39,1,0.041371627607700634
1751215388.1126776,69.0,29.79,112.59,1,0.05537578566496115
1751215389.1126776,58.54,47.5,67.16,1,0.09509114181386541
1751215390.1126776,75.36,38.34,48.68,1,0.06551771589637312
1751215391.1126776,19.88,44.13,62.52,1,0.06560187115353655
1751215392.1126776,48.14,56.14,52.85,1,0.09793422113076511
1751215393.1126776,38.69,34.21,120.38,1,0.03908156770700966
1751215394.1126776,41.59,64.59,115.69,1,0.0711260268274525
1751215395.1126776,82.46,46.87,116.2,1,0.04950745282790292
1751215396.1126776,66.91,61.11,57.2,1,0.09886099987254104
1751215397.1126776,72.12,73.92,51.15,1,0.05370350397210466
